num_samples_train,num_samples_test,genf,dataset_name,epochs,vip_layers,bnn_structure,regression_coeffs,batch_size,dropout,lr,warmup,fix_prior_noise,freeze_prior,freeze_posterior,seed,split,activation_str,LOSS,RMSE,NLL,CRPS
1,200,BNN,energy,40000,[1],"[200, 200]",20,10000,0.1,0.001,0,True,False,False,2147483647,6,tanh,-1087.3712158203125,0.39637342,0.6349033117294312,5.737870693206787
1,200,BNN,boston,40000,[5],"[10, 10]",20,10000,0.1,0.001,0,True,False,False,2147483647,16,tanh,1001.2133178710938,4.987807,4.089535236358643,4.019043922424316
1,200,BNN,energy,40000,[1],"[10, 10]",20,10000,0.1,0.001,0,True,False,False,2147483647,13,tanh,-896.4196166992188,0.52626413,0.921907901763916,6.005055904388428
1,200,BNN,energy,40000,[1],"[10, 10]",20,10000,0.1,0.001,0,True,False,False,2147483647,4,tanh,-850.1575927734375,0.55320543,0.9763134121894836,6.530698776245117
1,200,BNN,boston,40000,[4],"[10, 10]",20,10000,0.1,0.001,0,True,False,False,2147483647,9,tanh,76.05037689208984,2.130099,2.1720447540283203,4.955076694488525
1,200,BNN,boston,40000,[5],"[10, 10]",20,10000,0.1,0.001,0,True,False,False,2147483647,7,tanh,826.5696411132812,4.5362563,3.0907790660858154,4.552572727203369
1,200,BNN,energy,40000,[2],"[10, 10]",20,10000,0.1,0.001,0,True,False,False,2147483647,13,tanh,-838.3291625976562,0.49405563,0.8876453638076782,6.003031253814697
1,200,BNN,concrete,40000,[4],"[10, 10]",20,10000,0.1,0.001,0,True,False,False,2147483647,5,tanh,520.3698120117188,6.399409,3.2745540142059326,10.092814445495604
1,200,BNN,boston,40000,[2],"[10, 10]",20,10000,0.1,0.001,0,True,False,False,2147483647,6,tanh,507.5111389160156,3.2496655,2.906522274017334,4.933117389678955
1,200,BNN,boston,40000,[1],"[10, 10]",20,10000,0.1,0.001,0,True,False,False,2147483647,13,tanh,192.24905395507807,2.7749746,2.4998552799224854,4.778276443481445
1,200,BNN,boston,40000,[4],"[10, 10]",20,10000,0.1,0.001,0,True,False,False,2147483647,14,tanh,447.0069885253906,3.6469798,2.543140411376953,4.001957893371582
1,200,BNN,energy,40000,[5],"[10, 10]",20,10000,0.1,0.001,0,True,False,False,2147483647,19,tanh,-747.1998291015625,0.58489394,1.0535976886749268,5.779627323150635
1,200,BNN,concrete,40000,[2],"[10, 10]",20,10000,0.1,0.001,0,True,False,False,2147483647,12,tanh,364.8619384765625,4.830187,2.993844509124756,10.349955558776855
1,200,BNN,concrete,40000,[4],"[10, 10]",20,10000,0.1,0.001,0,True,False,False,2147483647,19,tanh,341.2410888671875,5.1477504,3.0847084522247314,10.045492172241213
1,200,BNN,boston,40000,[5],"[10, 10]",20,10000,0.1,0.001,0,True,False,False,2147483647,14,tanh,369.5269775390625,3.442455,2.3829996585845947,4.004814147949219
1,200,BNN,concrete,40000,[5],"[10, 10]",20,10000,0.1,0.001,0,True,False,False,2147483647,0,tanh,527.8729858398438,6.1895933,3.247069835662842,9.5982084274292
1,200,BNN,concrete,40000,[1],"[200, 200]",20,10000,0.1,0.001,0,True,False,False,2147483647,19,tanh,1258.212158203125,4.3341265,4.067575454711914,10.0409574508667
1,200,BNN,boston,40000,[4],"[10, 10]",20,10000,0.1,0.001,0,True,False,False,2147483647,11,tanh,213.57313537597656,2.6629496,2.393847942352295,5.396933555603027
1,200,BNN,energy,40000,[1],"[10, 10]",20,10000,0.1,0.001,0,True,False,False,2147483647,17,tanh,-820.8047485351562,0.624624,1.0319970846176147,5.70430326461792
1,200,BNN,concrete,40000,[1],"[200, 200]",20,10000,0.1,0.001,0,True,False,False,2147483647,16,tanh,2313.2314453125,5.081584,5.199566841125488,9.36889362335205
1,200,BNN,energy,40000,[1],"[200, 200]",20,10000,0.1,0.001,0,True,False,False,2147483647,12,tanh,-657.7482299804688,0.49841186,1.2405885457992554,6.0290937423706055
1,200,BNN,concrete,40000,[3],"[10, 10]",20,10000,0.1,0.001,0,True,False,False,2147483647,14,tanh,373.4814453125,5.3096995,3.089799404144287,9.44496726989746
1,200,BNN,energy,40000,[5],"[10, 10]",20,10000,0.1,0.001,0,True,False,False,2147483647,7,tanh,-704.9192504882812,0.65305513,1.1041964292526243,5.932902812957764
1,200,BNN,boston,40000,[5],"[10, 10]",20,10000,0.1,0.001,0,True,False,False,2147483647,2,tanh,1274.6309814453125,5.361805,4.624117374420166,4.150626659393311
1,200,BNN,energy,40000,[4],"[10, 10]",20,10000,0.1,0.001,0,True,False,False,2147483647,7,tanh,-727.8535766601562,0.62369394,1.0745705366134644,5.93229866027832
1,200,BNN,boston,40000,[3],"[10, 10]",20,10000,0.1,0.001,0,True,False,False,2147483647,4,tanh,984.9081420898438,5.003661,4.004635810852051,5.85403299331665
1,200,BNN,energy,40000,[3],"[10, 10]",20,10000,0.1,0.001,0,True,False,False,2147483647,6,tanh,-872.3694458007812,0.38165525,0.8592576384544373,5.739498138427734
1,200,BNN,boston,40000,[5],"[10, 10]",20,10000,0.1,0.001,0,True,False,False,2147483647,12,tanh,174.2099151611328,2.6322908,2.375030994415283,5.141634941101074
1,200,BNN,boston,40000,[2],"[10, 10]",20,10000,0.1,0.001,0,True,False,False,2147483647,11,tanh,180.1527099609375,2.4128268,2.3353779315948486,5.394196033477783
1,200,BNN,energy,40000,[2],"[10, 10]",20,10000,0.1,0.001,0,True,False,False,2147483647,0,tanh,-857.5242309570312,0.4938001,0.8748082518577576,5.848183155059815
1,200,BNN,boston,40000,[1],"[200, 200]",20,10000,0.1,0.001,0,True,False,False,2147483647,18,tanh,3104.927978515625,2.5659258,8.635486602783203,4.6891632080078125
1,200,BNN,concrete,40000,[1],"[10, 10]",20,10000,0.1,0.001,0,True,False,False,2147483647,2,tanh,307.2109069824219,5.277938,3.082704305648804,9.589581489562988
1,200,BNN,boston,40000,[2],"[10, 10]",20,10000,0.1,0.001,0,True,False,False,2147483647,9,tanh,171.8253173828125,2.38332,2.2976322174072266,4.958128929138184
1,200,BNN,energy,40000,[3],"[10, 10]",20,10000,0.1,0.001,0,True,False,False,2147483647,9,tanh,-866.92919921875,0.4695839,0.8696568608283997,5.279153347015381
1,200,BNN,concrete,40000,[2],"[10, 10]",20,10000,0.1,0.001,0,True,False,False,2147483647,17,tanh,712.6192016601562,6.2823553,3.3393826484680176,9.481009483337402
1,200,BNN,energy,40000,[3],"[10, 10]",20,10000,0.1,0.001,0,True,False,False,2147483647,2,tanh,-863.2960205078125,0.49119475,0.8795941472053528,5.21256685256958
1,200,BNN,boston,40000,[5],"[10, 10]",20,10000,0.1,0.001,0,True,False,False,2147483647,1,tanh,1516.474365234375,5.926225,5.1771345138549805,4.757633686065674
1,200,BNN,energy,40000,[5],"[10, 10]",20,10000,0.1,0.001,0,True,False,False,2147483647,14,tanh,-699.6802978515625,0.6312442,1.122778296470642,5.759199142456055
1,200,BNN,energy,40000,[3],"[10, 10]",20,10000,0.1,0.001,0,True,False,False,2147483647,10,tanh,-766.3140258789062,0.6313086,1.0073310136795044,5.826426029205322
1,200,BNN,energy,40000,[1],"[200, 200]",20,10000,0.1,0.001,0,True,False,False,2147483647,18,tanh,-686.5341796875,0.49392578,1.203410029411316,5.575806140899658
1,200,BNN,concrete,40000,[1],"[200, 200]",20,10000,0.1,0.001,0,True,False,False,2147483647,10,tanh,4207.08203125,5.491093,7.173981189727783,9.67096996307373
1,200,BNN,boston,40000,[2],"[10, 10]",20,10000,0.1,0.001,0,True,False,False,2147483647,19,tanh,402.5190124511719,3.168824,2.646892547607422,4.8479509353637695
1,200,BNN,concrete,40000,[3],"[10, 10]",20,10000,0.1,0.001,0,True,False,False,2147483647,18,tanh,632.8016967773438,6.5828815,3.3217389583587646,9.453908920288086
1,200,BNN,concrete,40000,[2],"[10, 10]",20,10000,0.1,0.001,0,True,False,False,2147483647,5,tanh,440.5573425292969,5.2648954,3.0832009315490723,10.104519844055176
1,200,BNN,concrete,40000,[1],"[10, 10]",20,10000,0.1,0.001,0,True,False,False,2147483647,0,tanh,284.6863708496094,5.1310363,3.055187702178955,9.583178520202637
1,200,BNN,boston,40000,[1],"[10, 10]",20,10000,0.1,0.001,0,True,False,False,2147483647,17,tanh,648.3316040039062,4.2935762,3.442028760910034,5.345876693725586
1,200,BNN,energy,40000,[1],"[200, 200]",20,10000,0.1,0.001,0,True,False,False,2147483647,19,tanh,-773.8811645507812,0.47412917,1.075079321861267,5.777472972869873
1,200,BNN,energy,40000,[1],"[10, 10]",20,10000,0.1,0.001,0,True,False,False,2147483647,18,tanh,-885.2501831054688,0.51075065,0.94691002368927,5.576622486114502
1,200,BNN,concrete,40000,[5],"[10, 10]",20,10000,0.1,0.001,0,True,False,False,2147483647,16,tanh,557.4392700195312,6.5324664,3.2976090908050537,9.373234748840332
1,200,BNN,boston,40000,[2],"[10, 10]",20,10000,0.1,0.001,0,True,False,False,2147483647,16,tanh,1076.2401123046875,4.7287965,4.123493671417236,4.013416290283203
1,200,BNN,boston,40000,[3],"[10, 10]",20,10000,0.1,0.001,0,True,False,False,2147483647,9,tanh,135.0159149169922,2.3701649,2.281036138534546,4.95470142364502
1,200,BNN,energy,40000,[3],"[10, 10]",20,10000,0.1,0.001,0,True,False,False,2147483647,3,tanh,-828.0000610351562,0.52965724,0.9279019832611084,5.202819347381592
1,200,BNN,concrete,40000,[1],"[10, 10]",20,10000,0.1,0.001,0,True,False,False,2147483647,5,tanh,370.0343627929688,5.5510006,3.1396901607513428,10.074063301086426
1,200,BNN,boston,40000,[1],"[200, 200]",20,10000,0.1,0.001,0,True,False,False,2147483647,8,tanh,4117.23779296875,2.8905673,10.770186424255373,4.22256326675415
1,200,BNN,concrete,40000,[4],"[10, 10]",20,10000,0.1,0.001,0,True,False,False,2147483647,14,tanh,442.5549926757813,5.84684,3.193935871124268,9.461159706115724
1,200,BNN,concrete,40000,[5],"[10, 10]",20,10000,0.1,0.001,0,True,False,False,2147483647,4,tanh,442.8688049316406,5.853894,3.195609331130981,9.593137741088867
1,200,BNN,energy,40000,[2],"[10, 10]",20,10000,0.1,0.001,0,True,False,False,2147483647,4,tanh,-855.0183715820312,0.46742478,0.8663910627365112,6.526845932006836
1,200,BNN,energy,40000,[3],"[10, 10]",20,10000,0.1,0.001,0,True,False,False,2147483647,7,tanh,-805.3637084960938,0.5439197,0.9516863226890564,5.930156230926514
1,200,BNN,energy,40000,[3],"[10, 10]",20,10000,0.1,0.001,0,True,False,False,2147483647,18,tanh,-801.0861206054688,0.5611756,0.9576775431632996,5.577233791351318
1,200,BNN,energy,40000,[2],"[10, 10]",20,10000,0.1,0.001,0,True,False,False,2147483647,15,tanh,-896.6311645507812,0.4485401,0.8214533925056458,5.81523323059082
1,200,BNN,energy,40000,[3],"[10, 10]",20,10000,0.1,0.001,0,True,False,False,2147483647,4,tanh,-783.9263916015625,0.57704216,0.9723418354988098,6.530258655548096
1,200,BNN,boston,40000,[1],"[10, 10]",20,10000,0.1,0.001,0,True,False,False,2147483647,3,tanh,605.7320556640625,4.1314197,3.356407165527344,5.35653829574585
1,200,BNN,concrete,40000,[5],"[10, 10]",20,10000,0.1,0.001,0,True,False,False,2147483647,14,tanh,439.5356140136719,5.82898,3.1912662982940674,9.456860542297363
1,200,BNN,energy,40000,[1],"[10, 10]",20,10000,0.1,0.001,0,True,False,False,2147483647,12,tanh,-846.2969360351562,0.5870658,0.9927008152008056,6.031965732574463
1,200,BNN,boston,40000,[3],"[10, 10]",20,10000,0.1,0.001,0,True,False,False,2147483647,5,tanh,409.1570129394531,3.2809043,2.7233710289001465,4.854487895965576
1,200,BNN,boston,40000,[2],"[10, 10]",20,10000,0.1,0.001,0,True,False,False,2147483647,10,tanh,229.5838623046875,2.5370808,2.32651162147522,4.52787446975708
1,200,BNN,concrete,40000,[5],"[10, 10]",20,10000,0.1,0.001,0,True,False,False,2147483647,1,tanh,623.0405883789062,7.0053077,3.3685524463653564,9.1881103515625
1,200,BNN,boston,40000,[5],"[10, 10]",20,10000,0.1,0.001,0,True,False,False,2147483647,18,tanh,137.5758514404297,2.4631643,2.31039834022522,4.685587406158447
1,200,BNN,concrete,40000,[1],"[10, 10]",20,10000,0.1,0.001,0,True,False,False,2147483647,14,tanh,332.0655822753906,5.3996506,3.10947322845459,9.44843864440918
1,200,BNN,energy,40000,[3],"[10, 10]",20,10000,0.1,0.001,0,True,False,False,2147483647,14,tanh,-828.6964111328125,0.52200073,0.9197479486465454,5.756613254547119
1,200,BNN,boston,40000,[4],"[10, 10]",20,10000,0.1,0.001,0,True,False,False,2147483647,16,tanh,931.1714477539062,4.8134365,3.892700910568237,4.014200687408447
1,200,BNN,energy,40000,[1],"[10, 10]",20,10000,0.1,0.001,0,True,False,False,2147483647,8,tanh,-910.1676025390624,0.50563574,0.9179461002349854,5.106081008911133
1,200,BNN,concrete,40000,[1],"[10, 10]",20,10000,0.1,0.001,0,True,False,False,2147483647,1,tanh,443.7385559082031,5.8996983,3.2293312549591064,9.19385051727295
1,200,BNN,boston,40000,[1],"[10, 10]",20,10000,0.1,0.001,0,True,False,False,2147483647,8,tanh,133.82054138183594,2.6632729,2.401284694671631,4.25383996963501
1,200,BNN,boston,40000,[1],"[10, 10]",20,10000,0.1,0.001,0,True,False,False,2147483647,2,tanh,972.3920288085938,5.026514,4.178386211395264,4.140523433685303
1,200,BNN,boston,40000,[3],"[10, 10]",20,10000,0.1,0.001,0,True,False,False,2147483647,8,tanh,180.9184112548828,2.615473,2.3806962966918945,4.216027736663818
1,200,BNN,boston,40000,[1],"[10, 10]",20,10000,0.1,0.001,0,True,False,False,2147483647,14,tanh,462.7605895996094,3.7946503,3.073759078979492,4.046619892120361
1,200,BNN,concrete,40000,[5],"[10, 10]",20,10000,0.1,0.001,0,True,False,False,2147483647,10,tanh,476.1339721679688,6.066562,3.225893259048462,9.67068576812744
1,200,BNN,boston,40000,[1],"[200, 200]",20,10000,0.1,0.001,0,True,False,False,2147483647,9,tanh,2791.8701171875,2.4768527,8.0000638961792,4.962344169616699
1,200,BNN,concrete,40000,[1],"[10, 10]",20,10000,0.1,0.001,0,True,False,False,2147483647,17,tanh,574.1901245117188,6.3318663,3.3625099658966064,9.475018501281738
1,200,BNN,concrete,40000,[5],"[10, 10]",20,10000,0.1,0.001,0,True,False,False,2147483647,18,tanh,631.5681762695312,7.129527,3.385812997817993,9.450223922729492
1,200,BNN,boston,40000,[4],"[10, 10]",20,10000,0.1,0.001,0,True,False,False,2147483647,0,tanh,1095.900146484375,5.133557,4.1004958152771,4.7774152755737305
1,200,BNN,boston,40000,[1],"[10, 10]",20,10000,0.1,0.001,0,True,False,False,2147483647,1,tanh,1247.125244140625,5.543902,4.691555976867676,4.761454105377197
1,200,BNN,concrete,40000,[3],"[10, 10]",20,10000,0.1,0.001,0,True,False,False,2147483647,17,tanh,554.8101196289062,6.126866,3.2341151237487797,9.480369567871094
1,200,BNN,concrete,40000,[5],"[10, 10]",20,10000,0.1,0.001,0,True,False,False,2147483647,7,tanh,301.9823608398437,4.8511133,3.0673298835754395,8.5689058303833
1,200,BNN,concrete,40000,[3],"[10, 10]",20,10000,0.1,0.001,0,True,False,False,2147483647,5,tanh,364.457763671875,5.223379,3.0716307163238525,10.082820892333984
1,200,BNN,boston,40000,[1],"[200, 200]",20,10000,0.1,0.001,0,True,False,False,2147483647,1,tanh,24214.65625,6.154479,53.11515045166016,4.729487419128418
1,200,BNN,energy,40000,[1],"[10, 10]",20,10000,0.1,0.001,0,True,False,False,2147483647,3,tanh,-883.9461669921875,0.5331821,0.9527359008789062,5.203860282897949
1,200,BNN,boston,40000,[4],"[10, 10]",20,10000,0.1,0.001,0,True,False,False,2147483647,19,tanh,282.5713195800781,3.0643487,2.55478310585022,4.846683979034424
1,200,BNN,boston,40000,[4],"[10, 10]",20,10000,0.1,0.001,0,True,False,False,2147483647,5,tanh,400.3797912597656,3.4127588,2.803273677825928,4.8498382568359375
1,200,BNN,concrete,40000,[4],"[10, 10]",20,10000,0.1,0.001,0,True,False,False,2147483647,15,tanh,324.5445251464844,4.9983244,3.0747270584106445,9.428271293640137
1,200,BNN,energy,40000,[1],"[10, 10]",20,10000,0.1,0.001,0,True,False,False,2147483647,19,tanh,-830.3521728515625,0.6368443,1.022114872932434,5.783805847167969
1,200,BNN,concrete,40000,[4],"[10, 10]",20,10000,0.1,0.001,0,True,False,False,2147483647,10,tanh,442.4528503417969,5.7734637,3.16857385635376,9.66778564453125
1,200,BNN,concrete,40000,[4],"[10, 10]",20,10000,0.1,0.001,0,True,False,False,2147483647,11,tanh,411.4637145996094,5.763338,3.17712664604187,8.473121643066406
1,200,BNN,boston,40000,[2],"[10, 10]",20,10000,0.1,0.001,0,True,False,False,2147483647,0,tanh,1653.4600830078125,5.5938954,5.142049312591553,4.797972202301025
1,200,BNN,energy,40000,[5],"[10, 10]",20,10000,0.1,0.001,0,True,False,False,2147483647,18,tanh,-720.9005126953125,0.5928119,1.095455527305603,5.5780439376831055
1,200,BNN,energy,40000,[4],"[10, 10]",20,10000,0.1,0.001,0,True,False,False,2147483647,19,tanh,-779.9420776367188,0.56605947,0.989320695400238,5.780867099761963
1,200,BNN,boston,40000,[2],"[10, 10]",20,10000,0.1,0.001,0,True,False,False,2147483647,8,tanh,193.6118621826172,2.457723,2.331892490386963,4.216694355010986
1,200,BNN,energy,40000,[1],"[200, 200]",20,10000,0.1,0.001,0,True,False,False,2147483647,4,tanh,-828.2743530273438,0.4580839,0.9853344559669496,6.528334140777588
1,200,BNN,concrete,40000,[3],"[10, 10]",20,10000,0.1,0.001,0,True,False,False,2147483647,19,tanh,292.8277893066406,4.8137693,2.9924755096435547,10.043688774108888
1,200,BNN,concrete,40000,[1],"[200, 200]",20,10000,0.1,0.001,0,True,False,False,2147483647,9,tanh,1337.5584716796875,4.437353,4.1561360359191895,9.19705581665039
1,200,BNN,boston,40000,[1],"[10, 10]",20,10000,0.1,0.001,0,True,False,False,2147483647,12,tanh,360.7207336425781,3.5069096,2.8543777465820312,5.177917003631592
1,200,BNN,concrete,40000,[5],"[10, 10]",20,10000,0.1,0.001,0,True,False,False,2147483647,8,tanh,409.25579833984375,5.601148,3.163187026977539,9.636320114135742
1,200,BNN,energy,40000,[1],"[200, 200]",20,10000,0.1,0.001,0,True,False,False,2147483647,10,tanh,-90.99422454833984,0.60617256,2.054433584213257,5.825397491455078
1,200,BNN,boston,40000,[5],"[10, 10]",20,10000,0.1,0.001,0,True,False,False,2147483647,8,tanh,136.83604431152344,2.4651415,2.29607367515564,4.215260982513428
1,200,BNN,boston,40000,[4],"[10, 10]",20,10000,0.1,0.001,0,True,False,False,2147483647,8,tanh,156.82167053222656,2.5221562,2.3308820724487305,4.216073513031006
1,200,BNN,concrete,40000,[1],"[200, 200]",20,10000,0.1,0.001,0,True,False,False,2147483647,7,tanh,1613.4791259765625,4.5915294,4.459165573120117,8.581975936889648
1,200,BNN,energy,40000,[4],"[10, 10]",20,10000,0.1,0.001,0,True,False,False,2147483647,12,tanh,-782.947265625,0.53208554,0.989288568496704,6.029932975769043
1,200,BNN,concrete,40000,[1],"[200, 200]",20,10000,0.1,0.001,0,True,False,False,2147483647,11,tanh,1331.7490234375,4.4169645,4.159666061401367,8.48006820678711
1,200,BNN,boston,40000,[3],"[10, 10]",20,10000,0.1,0.001,0,True,False,False,2147483647,1,tanh,1515.5810546875,6.005269,5.019057273864746,4.746890544891357
1,200,BNN,boston,40000,[1],"[10, 10]",20,10000,0.1,0.001,0,True,False,False,2147483647,15,tanh,332.12554931640625,3.1774218,2.801942825317383,4.824629783630371
1,200,BNN,concrete,40000,[2],"[10, 10]",20,10000,0.1,0.001,0,True,False,False,2147483647,6,tanh,262.3046569824219,4.5351143,2.932098150253296,8.984007835388184
1,200,BNN,concrete,40000,[5],"[10, 10]",20,10000,0.1,0.001,0,True,False,False,2147483647,19,tanh,410.721923828125,5.5878253,3.1543729305267334,10.050333023071287
1,200,BNN,concrete,40000,[3],"[10, 10]",20,10000,0.1,0.001,0,True,False,False,2147483647,9,tanh,314.8021545410156,5.01516,3.023660898208618,9.259842872619627
1,200,BNN,energy,40000,[2],"[10, 10]",20,10000,0.1,0.001,0,True,False,False,2147483647,14,tanh,-848.1920166015625,0.5102974,0.8927861452102661,5.756628036499023
1,200,BNN,energy,40000,[2],"[10, 10]",20,10000,0.1,0.001,0,True,False,False,2147483647,9,tanh,-892.9856567382812,0.44847217,0.8261851668357849,5.279519557952881
1,200,BNN,energy,40000,[3],"[10, 10]",20,10000,0.1,0.001,0,True,False,False,2147483647,8,tanh,-840.8434448242188,0.5268283,0.918194055557251,5.105566024780273
1,200,BNN,boston,40000,[4],"[10, 10]",20,10000,0.1,0.001,0,True,False,False,2147483647,18,tanh,159.30789184570312,2.4840968,2.325299024581909,4.680322647094727
1,200,BNN,energy,40000,[4],"[10, 10]",20,10000,0.1,0.001,0,True,False,False,2147483647,1,tanh,-847.8814086914062,0.44347686,0.91655296087265,5.492023944854736
1,200,BNN,concrete,40000,[1],"[10, 10]",20,10000,0.1,0.001,0,True,False,False,2147483647,6,tanh,252.61851501464844,4.9902472,3.02677845954895,8.990381240844727
1,200,BNN,boston,40000,[3],"[10, 10]",20,10000,0.1,0.001,0,True,False,False,2147483647,10,tanh,117.63731384277344,2.241815,2.198184013366699,4.523320198059082
1,200,BNN,energy,40000,[1],"[200, 200]",20,10000,0.1,0.001,0,True,False,False,2147483647,5,tanh,-631.9337158203125,0.5074515,1.274375557899475,5.821383476257324
1,200,BNN,energy,40000,[1],"[10, 10]",20,10000,0.1,0.001,0,True,False,False,2147483647,9,tanh,-917.881103515625,0.48330453,0.9071889519691468,5.279690742492676
1,200,BNN,energy,40000,[1],"[10, 10]",20,10000,0.1,0.001,0,True,False,False,2147483647,0,tanh,-852.8554077148438,0.5794639,0.9848446249961852,5.849124908447266
1,200,BNN,boston,40000,[1],"[200, 200]",20,10000,0.1,0.001,0,True,False,False,2147483647,19,tanh,4146.70361328125,2.916247,10.83681869506836,4.849475383758545
1,200,BNN,boston,40000,[1],"[200, 200]",20,10000,0.1,0.001,0,True,False,False,2147483647,13,tanh,5655.08935546875,3.2979736,14.0630521774292,4.792263507843018
1,200,BNN,concrete,40000,[2],"[10, 10]",20,10000,0.1,0.001,0,True,False,False,2147483647,18,tanh,559.6366577148438,5.9156184,3.210522413253784,9.43703269958496
1,200,BNN,concrete,40000,[4],"[10, 10]",20,10000,0.1,0.001,0,True,False,False,2147483647,13,tanh,336.8006591796875,5.094462,3.0832552909851074,10.115615844726562
1,200,BNN,concrete,40000,[5],"[10, 10]",20,10000,0.1,0.001,0,True,False,False,2147483647,11,tanh,474.4156494140625,6.1539493,3.239982843399048,8.4749116897583
1,200,BNN,boston,40000,[3],"[10, 10]",20,10000,0.1,0.001,0,True,False,False,2147483647,18,tanh,303.4454650878906,2.9894412,2.6110191345214844,4.6845550537109375
1,200,BNN,energy,40000,[4],"[10, 10]",20,10000,0.1,0.001,0,True,False,False,2147483647,17,tanh,-739.041015625,0.60062397,1.0569158792495728,5.700783729553223
1,200,BNN,energy,40000,[1],"[200, 200]",20,10000,0.1,0.001,0,True,False,False,2147483647,13,tanh,-568.5946655273438,0.51983106,1.3659884929656982,6.001674652099609
1,200,BNN,concrete,40000,[3],"[10, 10]",20,10000,0.1,0.001,0,True,False,False,2147483647,1,tanh,548.175048828125,6.144494,3.2274329662323,9.198131561279297
1,200,BNN,concrete,40000,[1],"[10, 10]",20,10000,0.1,0.001,0,True,False,False,2147483647,12,tanh,367.3789367675781,5.522713,3.1346631050109863,10.362257957458496
1,200,BNN,boston,40000,[3],"[10, 10]",20,10000,0.1,0.001,0,True,False,False,2147483647,17,tanh,919.3792724609376,4.6483946,3.855368137359619,5.3362956047058105
1,200,BNN,concrete,40000,[2],"[10, 10]",20,10000,0.1,0.001,0,True,False,False,2147483647,0,tanh,226.724853515625,4.3330617,2.8931283950805664,9.57214069366455
1,200,BNN,concrete,40000,[1],"[200, 200]",20,10000,0.1,0.001,0,True,False,False,2147483647,1,tanh,1433.4356689453125,4.516181,4.265474796295166,9.182013511657717
1,200,BNN,concrete,40000,[3],"[10, 10]",20,10000,0.1,0.001,0,True,False,False,2147483647,10,tanh,466.7202758789063,5.6720967,3.1315503120422363,9.670372009277344
1,200,BNN,boston,40000,[5],"[10, 10]",20,10000,0.1,0.001,0,True,False,False,2147483647,3,tanh,742.8782348632812,4.4177313,3.1238934993743896,5.352640151977539
1,200,BNN,energy,40000,[5],"[10, 10]",20,10000,0.1,0.001,0,True,False,False,2147483647,2,tanh,-746.7879028320312,0.57982445,1.07005512714386,5.212655067443848
1,200,BNN,energy,40000,[4],"[10, 10]",20,10000,0.1,0.001,0,True,False,False,2147483647,5,tanh,-753.017333984375,0.5358898,1.009650945663452,5.825178623199463
1,200,BNN,concrete,40000,[2],"[10, 10]",20,10000,0.1,0.001,0,True,False,False,2147483647,16,tanh,492.1221008300781,5.544494,3.1569066047668457,9.365034103393556
1,200,BNN,concrete,40000,[3],"[10, 10]",20,10000,0.1,0.001,0,True,False,False,2147483647,0,tanh,223.04876708984372,4.498897,2.942863941192627,9.565469741821287
1,200,BNN,boston,40000,[2],"[10, 10]",20,10000,0.1,0.001,0,True,False,False,2147483647,13,tanh,348.22515869140625,2.9690676,2.5248706340789795,4.776736259460449
1,200,BNN,energy,40000,[1],"[200, 200]",20,10000,0.1,0.001,0,True,False,False,2147483647,2,tanh,-997.7247924804688,0.4194117,0.7703604698181152,5.209029674530029
1,200,BNN,concrete,40000,[5],"[10, 10]",20,10000,0.1,0.001,0,True,False,False,2147483647,13,tanh,406.2822570800781,5.3960657,3.146268606185913,10.122875213623049
1,200,BNN,energy,40000,[2],"[10, 10]",20,10000,0.1,0.001,0,True,False,False,2147483647,2,tanh,-890.6021118164062,0.46908644,0.8447970151901245,5.211299419403076
1,200,BNN,energy,40000,[4],"[10, 10]",20,10000,0.1,0.001,0,True,False,False,2147483647,15,tanh,-804.794189453125,0.49712005,0.9562646150588988,5.816624641418457
1,200,BNN,boston,40000,[1],"[10, 10]",20,10000,0.1,0.001,0,True,False,False,2147483647,9,tanh,208.60577392578125,2.823691,2.5394113063812256,4.984748840332031
1,200,BNN,boston,40000,[2],"[10, 10]",20,10000,0.1,0.001,0,True,False,False,2147483647,4,tanh,1000.8583374023438,4.563765,3.60577130317688,5.8608479499816895
1,200,BNN,boston,40000,[3],"[10, 10]",20,10000,0.1,0.001,0,True,False,False,2147483647,13,tanh,210.29515075683597,2.600681,2.3740479946136475,4.781895160675049
1,200,BNN,energy,40000,[1],"[10, 10]",20,10000,0.1,0.001,0,True,False,False,2147483647,2,tanh,-946.4732055664062,0.46132576,0.868445873260498,5.210638523101807
1,200,BNN,energy,40000,[4],"[10, 10]",20,10000,0.1,0.001,0,True,False,False,2147483647,16,tanh,-751.8961181640625,0.58700037,1.0399792194366455,5.472348213195801
1,200,BNN,energy,40000,[2],"[10, 10]",20,10000,0.1,0.001,0,True,False,False,2147483647,3,tanh,-863.9769287109375,0.5100283,0.8740984201431274,5.201972484588623
1,200,BNN,concrete,40000,[5],"[10, 10]",20,10000,0.1,0.001,0,True,False,False,2147483647,5,tanh,551.5653686523438,6.5335355,3.300424098968506,10.09019947052002
1,200,BNN,energy,40000,[5],"[10, 10]",20,10000,0.1,0.001,0,True,False,False,2147483647,8,tanh,-755.2814331054688,0.5629194,1.0733921527862549,5.106545925140381
1,200,BNN,boston,40000,[2],"[10, 10]",20,10000,0.1,0.001,0,True,False,False,2147483647,17,tanh,1070.9307861328125,4.6852174,4.169637680053711,5.343555927276611
1,200,BNN,concrete,40000,[2],"[10, 10]",20,10000,0.1,0.001,0,True,False,False,2147483647,14,tanh,312.8099975585937,4.7061553,2.973147392272949,9.44603443145752
1,200,BNN,energy,40000,[1],"[200, 200]",20,10000,0.1,0.001,0,True,False,False,2147483647,11,tanh,-371.8321838378906,0.5572251,1.6461154222488403,5.889954090118408
1,200,BNN,concrete,40000,[5],"[10, 10]",20,10000,0.1,0.001,0,True,False,False,2147483647,17,tanh,610.19140625,7.027627,3.3737521171569824,9.481011390686035
1,200,BNN,boston,40000,[1],"[200, 200]",20,10000,0.1,0.001,0,True,False,False,2147483647,7,tanh,9557.6552734375,4.2346864,22.09894180297852,4.546220302581787
1,200,BNN,energy,40000,[3],"[10, 10]",20,10000,0.1,0.001,0,True,False,False,2147483647,12,tanh,-833.235595703125,0.49997365,0.9083008170127868,6.029847621917725
1,200,BNN,boston,40000,[1],"[200, 200]",20,10000,0.1,0.001,0,True,False,False,2147483647,11,tanh,3666.602294921875,2.7746725,9.703063011169434,5.411802291870117
1,200,BNN,boston,40000,[3],"[10, 10]",20,10000,0.1,0.001,0,True,False,False,2147483647,14,tanh,457.5110778808594,3.552135,2.4557912349700928,3.99683141708374
1,200,BNN,energy,40000,[1],"[10, 10]",20,10000,0.1,0.001,0,True,False,False,2147483647,10,tanh,-827.0003051757812,0.64551914,1.0247620344161987,5.827535629272461
1,200,BNN,energy,40000,[5],"[10, 10]",20,10000,0.1,0.001,0,True,False,False,2147483647,12,tanh,-800.5499877929688,0.5175481,0.9733916521072388,6.03004264831543
1,200,BNN,energy,40000,[5],"[10, 10]",20,10000,0.1,0.001,0,True,False,False,2147483647,5,tanh,-717.3226928710938,0.59245193,1.085253357887268,5.828000545501709
1,200,BNN,boston,40000,[1],"[10, 10]",20,10000,0.1,0.001,0,True,False,False,2147483647,4,tanh,839.6521606445312,4.704924,3.845866680145264,5.893113613128662
1,200,BNN,energy,40000,[4],"[10, 10]",20,10000,0.1,0.001,0,True,False,False,2147483647,0,tanh,-757.151611328125,0.58692056,1.030178427696228,5.849688529968262
1,200,BNN,boston,40000,[5],"[10, 10]",20,10000,0.1,0.001,0,True,False,False,2147483647,11,tanh,231.2250061035156,2.832187,2.4538662433624268,5.415908336639404
1,200,BNN,concrete,40000,[4],"[10, 10]",20,10000,0.1,0.001,0,True,False,False,2147483647,8,tanh,358.13543701171875,5.269017,3.102970123291016,9.626822471618652
1,200,BNN,boston,40000,[3],"[10, 10]",20,10000,0.1,0.001,0,True,False,False,2147483647,6,tanh,327.8944396972656,3.0275857,2.6775319576263428,4.914541721343994
1,200,BNN,concrete,40000,[4],"[10, 10]",20,10000,0.1,0.001,0,True,False,False,2147483647,3,tanh,405.2630310058594,5.7165,3.1650867462158203,8.338412284851074
1,200,BNN,boston,40000,[3],"[10, 10]",20,10000,0.1,0.001,0,True,False,False,2147483647,16,tanh,950.832763671875,4.7317705,3.5165276527404785,4.011975765228272
1,200,BNN,energy,40000,[3],"[10, 10]",20,10000,0.1,0.001,0,True,False,False,2147483647,11,tanh,-821.9548950195312,0.5328635,0.9234464764595032,5.890120983123779
1,200,BNN,energy,40000,[1],"[200, 200]",20,10000,0.1,0.001,0,True,False,False,2147483647,14,tanh,-466.1972351074219,0.53847224,1.5161813497543335,5.755856037139893
1,200,BNN,concrete,40000,[1],"[10, 10]",20,10000,0.1,0.001,0,True,False,False,2147483647,3,tanh,245.22071838378903,4.9937487,3.027305841445923,8.325799942016602
1,200,BNN,boston,40000,[1],"[200, 200]",20,10000,0.1,0.001,0,True,False,False,2147483647,17,tanh,7172.787109375,3.7417996,16.995826721191406,5.3460307121276855
1,200,BNN,boston,40000,[1],"[200, 200]",20,10000,0.1,0.001,0,True,False,False,2147483647,16,tanh,8351.673828125,3.9227855,19.551055908203125,4.023923397064209
1,200,BNN,concrete,40000,[2],"[10, 10]",20,10000,0.1,0.001,0,True,False,False,2147483647,4,tanh,159.9568634033203,4.049755,2.8319203853607178,9.586304664611816
1,200,BNN,concrete,40000,[1],"[10, 10]",20,10000,0.1,0.001,0,True,False,False,2147483647,8,tanh,205.6894378662109,4.7168317,2.973921298980713,9.617155075073242
1,200,BNN,boston,40000,[4],"[10, 10]",20,10000,0.1,0.001,0,True,False,False,2147483647,6,tanh,372.7132263183594,3.2757769,2.771486759185791,4.908346176147461
1,200,BNN,energy,40000,[2],"[10, 10]",20,10000,0.1,0.001,0,True,False,False,2147483647,6,tanh,-922.402099609375,0.3663093,0.7871082425117493,5.739127159118652
1,200,BNN,boston,40000,[4],"[10, 10]",20,10000,0.1,0.001,0,True,False,False,2147483647,2,tanh,1073.4642333984375,5.0067964,4.128427505493164,4.147241592407227
1,200,BNN,energy,40000,[1],"[10, 10]",20,10000,0.1,0.001,0,True,False,False,2147483647,16,tanh,-860.1620483398438,0.57543826,0.9855886101722716,5.474904537200928
1,200,BNN,concrete,40000,[3],"[10, 10]",20,10000,0.1,0.001,0,True,False,False,2147483647,11,tanh,296.4464416503906,4.9906144,3.019138813018799,8.46496868133545
1,200,BNN,boston,40000,[1],"[200, 200]",20,10000,0.1,0.001,0,True,False,False,2147483647,14,tanh,5670.26318359375,3.379492,13.896353721618652,4.023190021514893
1,200,BNN,concrete,40000,[1],"[200, 200]",20,10000,0.1,0.001,0,True,False,False,2147483647,3,tanh,732.3784790039062,3.8720026,3.529287338256836,8.300947189331055
1,200,BNN,energy,40000,[5],"[10, 10]",20,10000,0.1,0.001,0,True,False,False,2147483647,6,tanh,-817.4774780273438,0.42112193,0.9642154574394226,5.739869594573975
1,200,BNN,concrete,40000,[2],"[10, 10]",20,10000,0.1,0.001,0,True,False,False,2147483647,11,tanh,258.2637023925781,4.5325756,2.9299540519714355,8.468616485595703
1,200,BNN,boston,40000,[3],"[10, 10]",20,10000,0.1,0.001,0,True,False,False,2147483647,0,tanh,1042.14697265625,4.915724,4.067766189575195,4.771598815917969
1,200,BNN,concrete,40000,[3],"[10, 10]",20,10000,0.1,0.001,0,True,False,False,2147483647,8,tanh,349.0629577636719,5.1699953,3.0596039295196533,9.626395225524902
1,200,BNN,concrete,40000,[2],"[10, 10]",20,10000,0.1,0.001,0,True,False,False,2147483647,15,tanh,259.1013488769531,4.5083194,2.922333240509033,9.43655014038086
1,200,BNN,boston,40000,[4],"[10, 10]",20,10000,0.1,0.001,0,True,False,False,2147483647,4,tanh,1116.2254638671875,5.10384,4.009554386138916,5.881515026092529
1,200,BNN,concrete,40000,[2],"[10, 10]",20,10000,0.1,0.001,0,True,False,False,2147483647,9,tanh,278.888916015625,4.511399,2.911879777908325,9.219681739807127
1,200,BNN,concrete,40000,[2],"[10, 10]",20,10000,0.1,0.001,0,True,False,False,2147483647,3,tanh,207.9966735839844,4.319434,2.879267692565918,8.31250286102295
1,200,BNN,concrete,40000,[5],"[10, 10]",20,10000,0.1,0.001,0,True,False,False,2147483647,3,tanh,413.03033447265625,5.70744,3.171935796737671,8.346338272094727
1,200,BNN,concrete,40000,[2],"[10, 10]",20,10000,0.1,0.001,0,True,False,False,2147483647,13,tanh,209.33053588867188,4.1588607,2.8655247688293457,10.119956970214844
1,200,BNN,concrete,40000,[2],"[10, 10]",20,10000,0.1,0.001,0,True,False,False,2147483647,1,tanh,483.2193908691406,5.547307,3.139534473419189,9.190311431884766
1,200,BNN,energy,40000,[4],"[10, 10]",20,10000,0.1,0.001,0,True,False,False,2147483647,8,tanh,-796.6206665039062,0.52745265,0.9918923377990724,5.105734825134277
1,200,BNN,boston,40000,[5],"[10, 10]",20,10000,0.1,0.001,0,True,False,False,2147483647,13,tanh,179.01339721679688,2.5884585,2.3429970741271973,4.778775691986084
1,200,BNN,concrete,40000,[1],"[10, 10]",20,10000,0.1,0.001,0,True,False,False,2147483647,7,tanh,210.84510803222656,4.794719,2.988878011703491,8.578704833984375
1,200,BNN,concrete,40000,[5],"[10, 10]",20,10000,0.1,0.001,0,True,False,False,2147483647,12,tanh,566.2783203125,6.625157,3.3090240955352783,10.37038230895996
1,200,BNN,concrete,40000,[1],"[10, 10]",20,10000,0.1,0.001,0,True,False,False,2147483647,9,tanh,368.9665222167969,5.5662394,3.146667003631592,9.242841720581056
1,200,BNN,boston,40000,[2],"[10, 10]",20,10000,0.1,0.001,0,True,False,False,2147483647,18,tanh,306.2167053222656,2.8767405,2.511009931564331,4.680002689361572
1,200,BNN,energy,40000,[5],"[10, 10]",20,10000,0.1,0.001,0,True,False,False,2147483647,0,tanh,-708.3296508789062,0.66355187,1.0922529697418213,5.849870681762695
1,200,BNN,concrete,40000,[4],"[10, 10]",20,10000,0.1,0.001,0,True,False,False,2147483647,18,tanh,646.2076416015625,7.1275578,3.3935163021087646,9.435959815979004
1,200,BNN,concrete,40000,[4],"[10, 10]",20,10000,0.1,0.001,0,True,False,False,2147483647,17,tanh,587.3604736328125,6.721726,3.3298048973083496,9.475685119628906
1,200,BNN,energy,40000,[2],"[10, 10]",20,10000,0.1,0.001,0,True,False,False,2147483647,11,tanh,-859.4830322265625,0.53147477,0.8745224475860596,5.889289379119873
1,200,BNN,boston,40000,[4],"[10, 10]",20,10000,0.1,0.001,0,True,False,False,2147483647,12,tanh,202.78298950195312,2.6354413,2.4062414169311523,5.1417412757873535
1,200,BNN,boston,40000,[3],"[10, 10]",20,10000,0.1,0.001,0,True,False,False,2147483647,15,tanh,272.9546813964844,2.8532915,2.493312120437622,4.750116348266602
1,200,BNN,boston,40000,[1],"[200, 200]",20,10000,0.1,0.001,0,True,False,False,2147483647,4,tanh,7486.9794921875,3.7197394,17.67819595336914,5.878035068511963
1,200,BNN,boston,40000,[3],"[10, 10]",20,10000,0.1,0.001,0,True,False,False,2147483647,7,tanh,1236.858154296875,5.259613,3.800357580184937,4.524323463439941
1,200,BNN,boston,40000,[1],"[10, 10]",20,10000,0.1,0.001,0,True,False,False,2147483647,0,tanh,774.5477905273438,4.766744,3.712698459625244,4.808690071105957
1,200,BNN,concrete,40000,[1],"[200, 200]",20,10000,0.1,0.001,0,True,False,False,2147483647,8,tanh,1233.7509765625,4.3811865,4.051540374755859,9.624053001403809
1,200,BNN,concrete,40000,[1],"[200, 200]",20,10000,0.1,0.001,0,True,False,False,2147483647,17,tanh,6607.06787109375,6.5234256,9.729971885681152,9.479619026184082
1,200,BNN,energy,40000,[5],"[10, 10]",20,10000,0.1,0.001,0,True,False,False,2147483647,10,tanh,-697.6986083984375,0.60687506,1.1321296691894531,5.827052116394043
1,200,BNN,energy,40000,[1],"[10, 10]",20,10000,0.1,0.001,0,True,False,False,2147483647,1,tanh,-919.2863159179688,0.5158271,0.8935327529907227,5.495814323425293
1,200,BNN,energy,40000,[1],"[10, 10]",20,10000,0.1,0.001,0,True,False,False,2147483647,7,tanh,-850.7330322265625,0.5884299,0.9897181391716005,5.933351039886475
1,200,BNN,boston,40000,[4],"[10, 10]",20,10000,0.1,0.001,0,True,False,False,2147483647,15,tanh,352.60186767578125,3.2664285,2.655705690383911,4.775179386138916
1,200,BNN,concrete,40000,[5],"[10, 10]",20,10000,0.1,0.001,0,True,False,False,2147483647,2,tanh,375.3873291015625,5.358773,3.1273558139801025,9.593911170959473
1,200,BNN,boston,40000,[3],"[10, 10]",20,10000,0.1,0.001,0,True,False,False,2147483647,3,tanh,756.7466430664062,4.3254814,3.5436971187591557,5.342778205871582
1,200,BNN,boston,40000,[4],"[10, 10]",20,10000,0.1,0.001,0,True,False,False,2147483647,13,tanh,260.3006896972656,2.9684906,2.5003104209899902,4.778451919555664
1,200,BNN,concrete,40000,[3],"[10, 10]",20,10000,0.1,0.001,0,True,False,False,2147483647,4,tanh,232.1905975341797,4.5817904,2.960689783096313,9.589279174804688
1,200,BNN,boston,40000,[1],"[200, 200]",20,10000,0.1,0.001,0,True,False,False,2147483647,0,tanh,8623.935546875,4.072903,20.42718505859375,4.770310401916504
1,200,BNN,energy,40000,[2],"[10, 10]",20,10000,0.1,0.001,0,True,False,False,2147483647,16,tanh,-887.3104858398438,0.45728782,0.8326284289360046,5.472149848937988
1,200,BNN,boston,40000,[1],"[200, 200]",20,10000,0.1,0.001,0,True,False,False,2147483647,6,tanh,2728.805419921875,2.4386544,7.897070407867432,4.914442539215088
1,200,BNN,energy,40000,[2],"[10, 10]",20,10000,0.1,0.001,0,True,False,False,2147483647,7,tanh,-867.6124877929688,0.49568513,0.8556531667709351,5.929929256439209
1,200,BNN,energy,40000,[5],"[10, 10]",20,10000,0.1,0.001,0,True,False,False,2147483647,11,tanh,-715.7476806640625,0.6310685,1.092354416847229,5.890624523162842
1,200,BNN,boston,40000,[1],"[200, 200]",20,10000,0.1,0.001,0,True,False,False,2147483647,15,tanh,5235.8857421875,3.1846492,13.158662796020508,4.757089614868164
1,200,BNN,energy,40000,[3],"[10, 10]",20,10000,0.1,0.001,0,True,False,False,2147483647,16,tanh,-806.3137817382812,0.55599755,0.9572205543518066,5.472751140594482
1,200,BNN,concrete,40000,[5],"[10, 10]",20,10000,0.1,0.001,0,True,False,False,2147483647,6,tanh,479.0358276367188,6.1360703,3.2372472286224365,9.016554832458496
1,200,BNN,boston,40000,[1],"[10, 10]",20,10000,0.1,0.001,0,True,False,False,2147483647,10,tanh,287.9974670410156,3.3889685,2.7206389904022217,4.532808780670166
1,200,BNN,energy,40000,[4],"[10, 10]",20,10000,0.1,0.001,0,True,False,False,2147483647,10,tanh,-763.30419921875,0.5973438,1.0160162448883057,5.825939178466797
1,200,BNN,boston,40000,[1],"[10, 10]",20,10000,0.1,0.001,0,True,False,False,2147483647,18,tanh,157.15374755859375,2.7375479,2.445077896118164,4.688563823699951
1,200,BNN,boston,40000,[2],"[10, 10]",20,10000,0.1,0.001,0,True,False,False,2147483647,14,tanh,604.9329223632812,3.8097572,2.754288911819458,3.9973433017730713
1,200,BNN,concrete,40000,[1],"[200, 200]",20,10000,0.1,0.001,0,True,False,False,2147483647,15,tanh,867.989990234375,4.008049,3.6585135459899902,9.429336547851562
1,200,BNN,boston,40000,[1],"[200, 200]",20,10000,0.1,0.001,0,True,False,False,2147483647,5,tanh,3703.9443359375,2.7890246,9.900102615356444,4.864265441894531
1,200,BNN,concrete,40000,[1],"[200, 200]",20,10000,0.1,0.001,0,True,False,False,2147483647,2,tanh,1364.27783203125,4.462616,4.194304943084717,9.599088668823242
1,200,BNN,concrete,40000,[1],"[10, 10]",20,10000,0.1,0.001,0,True,False,False,2147483647,11,tanh,265.4599914550781,5.105037,3.049530506134033,8.466102600097656
1,200,BNN,energy,40000,[3],"[10, 10]",20,10000,0.1,0.001,0,True,False,False,2147483647,5,tanh,-847.3636474609375,0.46482736,0.8832848072052002,5.822146892547607
1,200,BNN,energy,40000,[4],"[10, 10]",20,10000,0.1,0.001,0,True,False,False,2147483647,6,tanh,-835.8912353515625,0.38116455,0.930750012397766,5.739317417144775
1,200,BNN,concrete,40000,[1],"[10, 10]",20,10000,0.1,0.001,0,True,False,False,2147483647,18,tanh,431.1622009277344,5.8552933,3.2126624584198,9.42574977874756
1,200,BNN,boston,40000,[3],"[10, 10]",20,10000,0.1,0.001,0,True,False,False,2147483647,11,tanh,138.3343963623047,2.3386335,2.238588571548462,5.402725696563721
1,200,BNN,energy,40000,[4],"[10, 10]",20,10000,0.1,0.001,0,True,False,False,2147483647,3,tanh,-793.223388671875,0.5388918,0.9867855906486512,5.202567100524902
1,200,BNN,boston,40000,[4],"[10, 10]",20,10000,0.1,0.001,0,True,False,False,2147483647,3,tanh,988.2937622070312,4.9656034,3.727454662322998,5.344221115112305
1,200,BNN,energy,40000,[4],"[10, 10]",20,10000,0.1,0.001,0,True,False,False,2147483647,2,tanh,-789.4554443359375,0.5126248,0.995777189731598,5.211834907531738
1,200,BNN,energy,40000,[2],"[10, 10]",20,10000,0.1,0.001,0,True,False,False,2147483647,5,tanh,-866.7296142578125,0.47780317,0.8583991527557373,5.823507785797119
1,200,BNN,energy,40000,[1],"[200, 200]",20,10000,0.1,0.001,0,True,False,False,2147483647,15,tanh,-714.1027221679688,0.48533747,1.164564609527588,5.813872337341309
1,200,BNN,concrete,40000,[1],"[200, 200]",20,10000,0.1,0.001,0,True,False,False,2147483647,4,tanh,738.6817626953125,3.8205287,3.518516540527344,9.596165657043455
1,200,BNN,boston,40000,[4],"[10, 10]",20,10000,0.1,0.001,0,True,False,False,2147483647,10,tanh,463.9722290039063,3.712056,2.54465651512146,4.539515018463135
1,200,BNN,concrete,40000,[1],"[200, 200]",20,10000,0.1,0.001,0,True,False,False,2147483647,0,tanh,948.7655639648438,4.102808,3.742742300033569,9.55678939819336
1,200,BNN,energy,40000,[1],"[10, 10]",20,10000,0.1,0.001,0,True,False,False,2147483647,6,tanh,-878.7844848632812,0.52894074,0.9539054036140442,5.742657661437988
1,200,BNN,energy,40000,[3],"[10, 10]",20,10000,0.1,0.001,0,True,False,False,2147483647,19,tanh,-784.5321655273438,0.5797399,0.9839944243431092,5.779870510101318
1,200,BNN,energy,40000,[1],"[200, 200]",20,10000,0.1,0.001,0,True,False,False,2147483647,1,tanh,-826.02587890625,0.46115404,0.9971822500228882,5.489520072937012
1,200,BNN,boston,40000,[2],"[10, 10]",20,10000,0.1,0.001,0,True,False,False,2147483647,12,tanh,857.1089477539062,4.2097974,2.5556929111480717,5.1886372566223145
1,200,BNN,boston,40000,[2],"[10, 10]",20,10000,0.1,0.001,0,True,False,False,2147483647,1,tanh,1803.4520263671875,6.1418767,5.681264877319336,4.755795955657959
1,200,BNN,energy,40000,[1],"[10, 10]",20,10000,0.1,0.001,0,True,False,False,2147483647,15,tanh,-900.23486328125,0.5153059,0.9194467663764954,5.816549301147461
1,200,BNN,energy,40000,[3],"[10, 10]",20,10000,0.1,0.001,0,True,False,False,2147483647,0,tanh,-803.44921875,0.54541934,0.9515976309776306,5.848475456237793
1,200,BNN,boston,40000,[5],"[10, 10]",20,10000,0.1,0.001,0,True,False,False,2147483647,19,tanh,399.318603515625,3.4811795,2.843910455703736,4.847255706787109
1,200,BNN,energy,40000,[1],"[200, 200]",20,10000,0.1,0.001,0,True,False,False,2147483647,9,tanh,-837.9091186523438,0.45976555,0.9934672713279724,5.278639793395996
1,200,BNN,boston,40000,[3],"[10, 10]",20,10000,0.1,0.001,0,True,False,False,2147483647,12,tanh,117.10472106933594,2.2633905,2.2321441173553467,5.142077922821045
1,200,BNN,concrete,40000,[3],"[10, 10]",20,10000,0.1,0.001,0,True,False,False,2147483647,16,tanh,489.8664245605469,5.9139876,3.206268548965454,9.36338710784912
1,200,BNN,energy,40000,[5],"[10, 10]",20,10000,0.1,0.001,0,True,False,False,2147483647,13,tanh,-721.3577270507812,0.57266164,1.0957329273223877,6.004822254180908
1,200,BNN,concrete,40000,[4],"[10, 10]",20,10000,0.1,0.001,0,True,False,False,2147483647,0,tanh,545.42333984375,6.4992886,3.2912538051605225,9.60377597808838
1,200,BNN,boston,40000,[1],"[10, 10]",20,10000,0.1,0.001,0,True,False,False,2147483647,11,tanh,187.7426300048828,2.7414079,2.47412633895874,5.402696132659912
1,200,BNN,energy,40000,[5],"[10, 10]",20,10000,0.1,0.001,0,True,False,False,2147483647,17,tanh,-701.297607421875,0.6750279,1.127782106399536,5.701520442962647
1,200,BNN,boston,40000,[2],"[10, 10]",20,10000,0.1,0.001,0,True,False,False,2147483647,2,tanh,1402.810302734375,5.278978,4.878138542175293,4.131350517272949
1,200,BNN,boston,40000,[2],"[10, 10]",20,10000,0.1,0.001,0,True,False,False,2147483647,3,tanh,1271.8592529296875,5.0276594,3.959475517272949,5.359975814819336
1,200,BNN,concrete,40000,[2],"[10, 10]",20,10000,0.1,0.001,0,True,False,False,2147483647,19,tanh,313.8584289550781,4.675282,2.957959651947021,10.044722557067873
1,200,BNN,energy,40000,[3],"[10, 10]",20,10000,0.1,0.001,0,True,False,False,2147483647,13,tanh,-857.9015502929688,0.47628418,0.8796184062957764,6.002460956573486
1,200,BNN,energy,40000,[5],"[10, 10]",20,10000,0.1,0.001,0,True,False,False,2147483647,9,tanh,-757.7374877929688,0.5087326,1.0544527769088743,5.28090238571167
1,200,BNN,energy,40000,[5],"[10, 10]",20,10000,0.1,0.001,0,True,False,False,2147483647,15,tanh,-746.9349365234375,0.60897094,1.0535279512405396,5.818586349487305
1,200,BNN,energy,40000,[4],"[10, 10]",20,10000,0.1,0.001,0,True,False,False,2147483647,4,tanh,-712.3798217773438,0.66125584,1.0576815605163574,6.531387805938721
1,200,BNN,energy,40000,[1],"[200, 200]",20,10000,0.1,0.001,0,True,False,False,2147483647,17,tanh,-742.4144897460938,0.47949415,1.116397738456726,5.699585914611816
1,200,BNN,energy,40000,[2],"[10, 10]",20,10000,0.1,0.001,0,True,False,False,2147483647,17,tanh,-857.4802856445312,0.5207847,0.8692843914031982,5.700080394744873
1,200,BNN,boston,40000,[1],"[10, 10]",20,10000,0.1,0.001,0,True,False,False,2147483647,19,tanh,156.9670867919922,2.7256901,2.426993131637573,4.855417728424072
1,200,BNN,concrete,40000,[3],"[10, 10]",20,10000,0.1,0.001,0,True,False,False,2147483647,15,tanh,294.2561950683594,4.9132123,3.0207672119140625,9.437607765197754
1,200,BNN,concrete,40000,[1],"[10, 10]",20,10000,0.1,0.001,0,True,False,False,2147483647,19,tanh,146.21047973632812,4.276471,2.9032559394836426,10.046146392822266
1,200,BNN,energy,40000,[2],"[10, 10]",20,10000,0.1,0.001,0,True,False,False,2147483647,12,tanh,-861.9476318359375,0.50569224,0.854999840259552,6.030191898345947
1,200,BNN,concrete,40000,[3],"[10, 10]",20,10000,0.1,0.001,0,True,False,False,2147483647,3,tanh,299.8529357910156,4.996181,3.032893180847168,8.339445114135742
1,200,BNN,concrete,40000,[3],"[10, 10]",20,10000,0.1,0.001,0,True,False,False,2147483647,12,tanh,476.8320617675781,5.753239,3.172018051147461,10.361735343933104
1,200,BNN,concrete,40000,[5],"[10, 10]",20,10000,0.1,0.001,0,True,False,False,2147483647,9,tanh,526.3736572265625,6.416491,3.279469490051269,9.244104385375977
1,200,BNN,boston,40000,[1],"[200, 200]",20,10000,0.1,0.001,0,True,False,False,2147483647,12,tanh,3602.650146484375,2.7065482,9.697027206420898,5.157890796661377
1,200,BNN,energy,40000,[1],"[200, 200]",20,10000,0.1,0.001,0,True,False,False,2147483647,16,tanh,-554.9730834960938,0.523347,1.392189621925354,5.471743106842041
1,200,BNN,boston,40000,[4],"[10, 10]",20,10000,0.1,0.001,0,True,False,False,2147483647,17,tanh,828.3444213867188,4.596652,3.549694061279297,5.346055030822754
1,200,BNN,energy,40000,[3],"[10, 10]",20,10000,0.1,0.001,0,True,False,False,2147483647,17,tanh,-793.8597412109375,0.5829138,0.969375491142273,5.700373649597168
1,200,BNN,concrete,40000,[4],"[10, 10]",20,10000,0.1,0.001,0,True,False,False,2147483647,7,tanh,341.3266296386719,5.273824,3.09973669052124,8.573580741882324
1,200,BNN,boston,40000,[3],"[10, 10]",20,10000,0.1,0.001,0,True,False,False,2147483647,2,tanh,1344.5753173828125,5.368183,4.796614646911621,4.152956008911133
1,200,BNN,energy,40000,[1],"[10, 10]",20,10000,0.1,0.001,0,True,False,False,2147483647,14,tanh,-869.693359375,0.5829518,0.9663407802581788,5.757857322692871
1,200,BNN,energy,40000,[1],"[200, 200]",20,10000,0.1,0.001,0,True,False,False,2147483647,3,tanh,-564.25830078125,0.5239262,1.3872087001800537,5.202145576477051
1,200,BNN,energy,40000,[1],"[200, 200]",20,10000,0.1,0.001,0,True,False,False,2147483647,0,tanh,-519.2072143554688,0.53065187,1.4356921911239624,5.848946571350098
1,200,BNN,concrete,40000,[1],"[10, 10]",20,10000,0.1,0.001,0,True,False,False,2147483647,13,tanh,156.54824829101562,4.367054,2.91178560256958,10.117576599121094
1,200,BNN,concrete,40000,[1],"[10, 10]",20,10000,0.1,0.001,0,True,False,False,2147483647,16,tanh,443.06781005859375,5.940079,3.228501796722412,9.361275672912598
1,200,BNN,energy,40000,[1],"[10, 10]",20,10000,0.1,0.001,0,True,False,False,2147483647,5,tanh,-898.8843994140625,0.50932205,0.9188465476036072,5.824148654937744
1,200,BNN,concrete,40000,[1],"[200, 200]",20,10000,0.1,0.001,0,True,False,False,2147483647,13,tanh,532.155517578125,3.6534252,3.291598320007324,10.118734359741213
1,200,BNN,concrete,40000,[3],"[10, 10]",20,10000,0.1,0.001,0,True,False,False,2147483647,6,tanh,323.00732421875,5.150537,3.0553221702575684,8.994693756103516
1,200,BNN,boston,40000,[1],"[200, 200]",20,10000,0.1,0.001,0,True,False,False,2147483647,10,tanh,5185.85302734375,3.3031745,13.043094635009766,4.52938985824585
1,200,BNN,energy,40000,[3],"[10, 10]",20,10000,0.1,0.001,0,True,False,False,2147483647,1,tanh,-903.9822387695312,0.38874635,0.8129585981369019,5.49115514755249
1,200,BNN,boston,40000,[1],"[200, 200]",20,10000,0.1,0.001,0,True,False,False,2147483647,3,tanh,7336.41259765625,3.785026,17.332056045532227,5.333097457885742
1,200,BNN,energy,40000,[2],"[10, 10]",20,10000,0.1,0.001,0,True,False,False,2147483647,8,tanh,-883.9097900390625,0.47185752,0.8351683616638184,5.105149269104004
1,200,BNN,concrete,40000,[3],"[10, 10]",20,10000,0.1,0.001,0,True,False,False,2147483647,13,tanh,189.19503784179688,4.2143035,2.905810832977295,10.115339279174805
1,200,BNN,concrete,40000,[1],"[200, 200]",20,10000,0.1,0.001,0,True,False,False,2147483647,5,tanh,1904.7769775390625,4.917638,4.748902320861816,10.100055694580078
1,200,BNN,concrete,40000,[4],"[10, 10]",20,10000,0.1,0.001,0,True,False,False,2147483647,12,tanh,509.5337524414063,6.259611,3.2496092319488525,10.354305267333984
1,200,BNN,boston,40000,[2],"[10, 10]",20,10000,0.1,0.001,0,True,False,False,2147483647,5,tanh,397.3933410644531,3.1859775,2.7001516819000244,4.850705623626709
1,200,BNN,boston,40000,[1],"[10, 10]",20,10000,0.1,0.001,0,True,False,False,2147483647,6,tanh,330.587890625,3.4131114,2.806466579437256,4.918301105499268
1,200,BNN,energy,40000,[1],"[10, 10]",20,10000,0.1,0.001,0,True,False,False,2147483647,11,tanh,-846.10888671875,0.6156975,0.9961279034614564,5.891302585601807
1,200,BNN,concrete,40000,[1],"[200, 200]",20,10000,0.1,0.001,0,True,False,False,2147483647,6,tanh,1284.28466796875,4.305467,4.100804328918457,8.986943244934082
1,200,BNN,energy,40000,[4],"[10, 10]",20,10000,0.1,0.001,0,True,False,False,2147483647,9,tanh,-844.3157348632812,0.4692724,0.903236448764801,5.278759479522705
1,200,BNN,energy,40000,[2],"[10, 10]",20,10000,0.1,0.001,0,True,False,False,2147483647,1,tanh,-899.0944213867188,0.38762283,0.822783887386322,5.491484642028809
1,200,BNN,concrete,40000,[1],"[200, 200]",20,10000,0.1,0.001,0,True,False,False,2147483647,14,tanh,1272.8760986328125,4.3723593,4.091760158538818,9.449285507202148
1,200,BNN,concrete,40000,[1],"[10, 10]",20,10000,0.1,0.001,0,True,False,False,2147483647,10,tanh,432.364013671875,5.795198,3.209600687026977,9.683890342712402
1,200,BNN,energy,40000,[1],"[200, 200]",20,10000,0.1,0.001,0,True,False,False,2147483647,7,tanh,-563.4453125,0.5173354,1.3742735385894775,5.929326057434082
1,200,BNN,concrete,40000,[3],"[10, 10]",20,10000,0.1,0.001,0,True,False,False,2147483647,7,tanh,266.2666015625,4.8268414,2.9972145557403564,8.57030963897705
1,200,BNN,concrete,40000,[4],"[10, 10]",20,10000,0.1,0.001,0,True,False,False,2147483647,4,tanh,357.2528381347656,5.203363,3.1022849082946777,9.592341423034668
1,200,BNN,concrete,40000,[2],"[10, 10]",20,10000,0.1,0.001,0,True,False,False,2147483647,7,tanh,280.25439453125,4.7043667,2.9708352088928223,8.562061309814453
1,200,BNN,concrete,40000,[2],"[10, 10]",20,10000,0.1,0.001,0,True,False,False,2147483647,10,tanh,442.734619140625,5.2705264,3.0810396671295166,9.673036575317385
1,200,BNN,boston,40000,[1],"[10, 10]",20,10000,0.1,0.001,0,True,False,False,2147483647,16,tanh,391.973388671875,3.6479475,2.932101964950561,4.0016374588012695
1,200,BNN,concrete,40000,[4],"[10, 10]",20,10000,0.1,0.001,0,True,False,False,2147483647,9,tanh,529.6168212890625,6.46525,3.284356117248535,9.226534843444824
1,200,BNN,energy,40000,[1],"[200, 200]",20,10000,0.1,0.001,0,True,False,False,2147483647,8,tanh,-755.8165893554688,0.47845685,1.1118128299713137,5.104259490966797
1,200,BNN,boston,40000,[5],"[10, 10]",20,10000,0.1,0.001,0,True,False,False,2147483647,9,tanh,112.35108184814452,2.30833,2.2556958198547363,4.953856468200684
1,200,BNN,boston,40000,[1],"[10, 10]",20,10000,0.1,0.001,0,True,False,False,2147483647,5,tanh,304.1177673339844,3.2333775,2.740225553512573,4.844422817230225
1,200,BNN,concrete,40000,[4],"[10, 10]",20,10000,0.1,0.001,0,True,False,False,2147483647,6,tanh,458.9665222167969,6.0490437,3.2191452980041504,8.995282173156738
1,200,BNN,energy,40000,[5],"[10, 10]",20,10000,0.1,0.001,0,True,False,False,2147483647,16,tanh,-720.29541015625,0.6263313,1.0961062908172607,5.473559379577637
1,200,BNN,energy,40000,[2],"[10, 10]",20,10000,0.1,0.001,0,True,False,False,2147483647,10,tanh,-805.2272338867188,0.6142897,0.953883409500122,5.825905799865723
1,200,BNN,concrete,40000,[4],"[10, 10]",20,10000,0.1,0.001,0,True,False,False,2147483647,1,tanh,529.6307983398438,6.430465,3.2816696166992188,9.197640419006348
1,200,BNN,energy,40000,[4],"[10, 10]",20,10000,0.1,0.001,0,True,False,False,2147483647,14,tanh,-729.1683349609375,0.639028,1.0696073770523071,5.757855415344238
1,200,BNN,concrete,40000,[3],"[10, 10]",20,10000,0.1,0.001,0,True,False,False,2147483647,2,tanh,249.7362060546875,4.6634836,2.9753708839416504,9.584075927734377
1,200,BNN,energy,40000,[5],"[10, 10]",20,10000,0.1,0.001,0,True,False,False,2147483647,1,tanh,-761.7537841796875,0.5004365,1.051721692085266,5.493002891540527
1,200,BNN,concrete,40000,[4],"[10, 10]",20,10000,0.1,0.001,0,True,False,False,2147483647,16,tanh,558.2153930664062,6.585725,3.308890581130981,9.368136405944824
1,200,BNN,energy,40000,[2],"[10, 10]",20,10000,0.1,0.001,0,True,False,False,2147483647,19,tanh,-815.5962524414062,0.5543825,0.930372714996338,5.780255317687988
1,200,BNN,boston,40000,[1],"[10, 10]",20,10000,0.1,0.001,0,True,False,False,2147483647,7,tanh,563.7728881835938,4.005941,3.2832539081573486,4.570694446563721
1,200,BNN,concrete,40000,[1],"[10, 10]",20,10000,0.1,0.001,0,True,False,False,2147483647,4,tanh,198.3541717529297,4.675836,2.9657278060913086,9.588706016540527
1,200,BNN,boston,40000,[2],"[10, 10]",20,10000,0.1,0.001,0,True,False,False,2147483647,15,tanh,352.13140869140625,3.0264847,2.648329973220825,4.747663497924805
1,200,BNN,boston,40000,[1],"[200, 200]",20,10000,0.1,0.001,0,True,False,False,2147483647,2,tanh,10058.6884765625,4.28885,23.28815269470215,4.098819732666016
1,200,BNN,concrete,40000,[4],"[10, 10]",20,10000,0.1,0.001,0,True,False,False,2147483647,2,tanh,396.61767578125,5.5258403,3.145685911178589,9.5835542678833
1,200,BNN,energy,40000,[4],"[10, 10]",20,10000,0.1,0.001,0,True,False,False,2147483647,13,tanh,-730.8851928710938,0.5799124,1.0669527053833008,6.004599571228027
1,200,BNN,boston,40000,[5],"[10, 10]",20,10000,0.1,0.001,0,True,False,False,2147483647,5,tanh,313.8175354003906,3.1430686,2.600695371627808,4.845877647399902
1,200,BNN,energy,40000,[2],"[10, 10]",20,10000,0.1,0.001,0,True,False,False,2147483647,18,tanh,-855.085205078125,0.48439953,0.8681520223617554,5.575024127960205
1,200,BNN,boston,40000,[3],"[10, 10]",20,10000,0.1,0.001,0,True,False,False,2147483647,19,tanh,199.9693145751953,2.6262765,2.3563153743743896,4.824209690093994
1,200,BNN,concrete,40000,[5],"[10, 10]",20,10000,0.1,0.001,0,True,False,False,2147483647,15,tanh,458.0374755859375,5.888601,3.2227935791015625,9.452692031860352
1,200,BNN,boston,40000,[5],"[10, 10]",20,10000,0.1,0.001,0,True,False,False,2147483647,15,tanh,300.9940185546875,3.050079,2.5543525218963623,4.760679721832275
1,200,BNN,energy,40000,[5],"[10, 10]",20,10000,0.1,0.001,0,True,False,False,2147483647,3,tanh,-747.5335083007812,0.5508779,1.0502811670303345,5.202465057373047
1,200,BNN,boston,40000,[5],"[10, 10]",20,10000,0.1,0.001,0,True,False,False,2147483647,0,tanh,1098.6141357421875,5.2898884,4.165613174438477,4.756299018859863
1,200,BNN,boston,40000,[4],"[10, 10]",20,10000,0.1,0.001,0,True,False,False,2147483647,1,tanh,2042.6029052734373,6.835061,6.128880023956299,4.790143966674805
1,200,BNN,concrete,40000,[1],"[200, 200]",20,10000,0.1,0.001,0,True,False,False,2147483647,18,tanh,1608.3260498046875,4.696076,4.44080114364624,9.435516357421877
1,200,BNN,boston,40000,[5],"[10, 10]",20,10000,0.1,0.001,0,True,False,False,2147483647,4,tanh,1115.8363037109375,5.225798,4.2360005378723145,5.900238513946533
1,200,BNN,energy,40000,[4],"[10, 10]",20,10000,0.1,0.001,0,True,False,False,2147483647,11,tanh,-771.1066284179688,0.5647091,1.0028103590011597,5.889989852905273
1,200,BNN,concrete,40000,[1],"[200, 200]",20,10000,0.1,0.001,0,True,False,False,2147483647,12,tanh,2175.317138671875,5.021852,5.028658866882324,10.349037170410156
1,200,BNN,boston,40000,[5],"[10, 10]",20,10000,0.1,0.001,0,True,False,False,2147483647,6,tanh,445.9234313964844,3.5976999,2.951793670654297,4.903754711151123
1,200,BNN,concrete,40000,[1],"[10, 10]",20,10000,0.1,0.001,0,True,False,False,2147483647,15,tanh,217.07012939453125,4.786329,2.9863317012786865,9.438586235046388
1,200,BNN,energy,40000,[4],"[10, 10]",20,10000,0.1,0.001,0,True,False,False,2147483647,18,tanh,-802.8541870117188,0.5388563,0.970935881137848,5.576855182647705
1,200,BNN,concrete,40000,[2],"[10, 10]",20,10000,0.1,0.001,0,True,False,False,2147483647,8,tanh,283.1616516113281,4.5342975,2.9376988410949707,9.63107681274414
1,200,BNN,energy,40000,[3],"[10, 10]",20,10000,0.1,0.001,0,True,False,False,2147483647,15,tanh,-852.0966186523438,0.4404818,0.8911250829696655,5.815865993499756
1,200,BNN,concrete,40000,[2],"[10, 10]",20,10000,0.1,0.001,0,True,False,False,2147483647,2,tanh,299.89764404296875,4.6534233,2.9544780254364014,9.58469009399414
1,200,BNN,energy,40000,[5],"[10, 10]",20,10000,0.1,0.001,0,True,False,False,2147483647,4,tanh,-683.2984008789062,0.6969922,1.1288845539093018,6.5315680503845215
1,200,BNN,boston,40000,[4],"[10, 10]",20,10000,0.1,0.001,0,True,False,False,2147483647,7,tanh,1010.8599853515624,5.0415134,3.918219327926636,4.535620212554932
1,200,BNN,boston,40000,[5],"[10, 10]",20,10000,0.1,0.001,0,True,False,False,2147483647,10,tanh,263.5005187988281,2.9499075,2.2892346382141118,4.5270771980285645
1,200,BNN,boston,40000,[2],"[10, 10]",20,10000,0.1,0.001,0,True,False,False,2147483647,7,tanh,1135.3818359375,4.7714047,4.103509902954102,4.53505277633667
1,200,BNN,boston,40000,[5],"[10, 10]",20,10000,0.1,0.001,0,True,False,False,2147483647,17,tanh,903.7549438476562,4.7651997,3.779516458511353,5.348276138305664
